{
  "project_info": {
    "project_number": "987462764536",
    "project_id": "messagingapp-30870",
    "storage_bucket": "messagingapp-30870.appspot.com"
  },
  "client": [
    {
      "client_info": {
        "mobilesdk_app_id": "1:987462764536:android:fbeb2938ee50fdaae0f80d",
        "android_client_info": {
          "package_name": "com.manu.messagingapp"
        }
      },
      "oauth_client": [
        {
          "client_id": "987462764536-9ct20gi6810vsj3pte0q4oo9dmqjtlnd.apps.googleusercontent.com",
          "client_type": 3
        }
      ],
      "api_key": [
        {
          "current_key": "AIzaSyC_nfYI43pjTV3ASiJs5wxYWoOX9WkbtQU"
        }
      ],
      "services": {
        "appinvite_service": {
          "other_platform_oauth_client": [
            {
              "client_id": "987462764536-9ct20gi6810vsj3pte0q4oo9dmqjtlnd.apps.googleusercontent.com",
              "client_type": 3
            }
          ]
        }
      }
    }
  ],
  "configuration_version": "1"
}